{"amt": {"mean": 70.35103607177734, "variance": 25701.2109375}, "delta_time": {"mean": 32460.388671875, "variance": 2240236032.0}, "distance": {"mean": 4024.406982421875, "variance": 3137036.0}, "city_pop": {"mean": 88824.4375, "variance": 91177574400.0}, "age": {"mean": 49.01211929321289, "variance": 303.1890869140625}, "hour": {"mean": 12.804858207702637, "variance": 46.482688903808594}, "weekday": {"mean": 3.070603609085083, "variance": 4.831871509552002}}